{"cameraMode":{"drawMode":0,"name":"Shaded","section":"Shading Mode"},"sceneLighting":true,"audioPlay":false,"sceneViewState":{"showFog":true,"showMaterialUpdate":false,"showSkybox":true,"showFlares":true,"showImageEffects":true,"showParticleSystems":true},"in2DMode":false,"pivot":{"x":-57.61125946044922,"y":20.548376083374025,"z":42.94186019897461},"rotation":{"x":-0.14142856001853944,"y":-0.6916258335113525,"z":0.14092090725898744,"w":-0.6941131949424744},"size":7.669971942901611,"orthographic":false}