{"cameraMode":{"drawMode":0,"name":"Shaded","section":"Shading Mode"},"sceneLighting":false,"audioPlay":false,"sceneViewState":{"showFog":true,"showMaterialUpdate":false,"showSkybox":false,"showFlares":true,"showImageEffects":true,"showParticleSystems":true},"in2DMode":false,"pivot":{"x":-1.2778072357177735,"y":0.9839816093444824,"z":0.03630053997039795},"rotation":{"x":-0.17115174233913423,"y":0.5879303216934204,"z":-0.1290058195590973,"w":-0.7800016403198242},"size":5.837699890136719,"orthographic":false}